component,weight
Legal Mandate,0.15100151152308758
Clarity of Roles & Objectives,0.07550075576154378
Independence,0.1609602841298469
Accountability,0.0536534280432823
Transparency of decisions,0.05616961791740804
Predictability,0.37816605006473875
Participation,0.08916371057074539
Access to information,0.03538464198934728
